{
  "loss": [
    0.538317544939201
  ],
  "acc": [
    0.9309248554913295
  ],
  "pr": [
    0.9307188572711815
  ],
  "re": [
    0.931460109966441
  ],
  "f1": [
    0.9310893360885342
  ],
  "cm": [
    [
      [
        3318,
        292
      ],
      [
        186,
        3124
      ]
    ]
  ],
  "additional_hyperparameters": {
    "vocab_max_size": 3184,
    "batch_size": 1,
    "dropout": 0.004424307592843402,
    "hidden_size": 581
  }
}