{
  "loss": [
    0.562748719201122,
    0.6127212602708577,
    0.6423752956309206,
    0.5781248856841176,
    0.6039348794234316
  ],
  "acc": [
    0.6655683690280065,
    0.7243272926963207,
    0.741900054914882,
    0.7578253706754531,
    0.771004942339374
  ],
  "pr": [
    0.7029227176963171,
    0.7271690753246373,
    0.7423224973963305,
    0.7668107636850532,
    0.7717953681968879
  ],
  "re": [
    0.6652137253199004,
    0.7242342655318164,
    0.7419337328469688,
    0.7576736292050257,
    0.7709599907359157
  ],
  "f1": [
    0.6835485481548759,
    0.7256987032624923,
    0.7421280642079761,
    0.7622148143259126,
    0.7713774532946053
  ],
  "cm": [
    [
      [
        409,
        500
      ],
      [
        109,
        803
      ]
    ],
    [
      [
        607,
        302
      ],
      [
        200,
        712
      ]
    ],
    [
      [
        693,
        216
      ],
      [
        254,
        658
      ]
    ],
    [
      [
        605,
        304
      ],
      [
        137,
        775
      ]
    ],
    [
      [
        676,
        233
      ],
      [
        184,
        728
      ]
    ]
  ],
  "additional_hyperparameters": {
    "vocab_max_size": 3184,
    "batch_size": 1,
    "dropout": 0.004424307592843402,
    "hidden_size": 581
  }
}