{
  "loss": [
    0.5433753482566748
  ],
  "acc": [
    0.9070809248554913
  ],
  "pr": [
    0.9074889637805132
  ],
  "re": [
    0.9081675607367918
  ],
  "f1": [
    0.9078281354467189
  ],
  "cm": [
    [
      [
        3188,
        422
      ],
      [
        221,
        3089
      ]
    ]
  ]
}