{
  "loss": [
    0.618212748300499,
    0.5918536057582208,
    0.5479217015210905,
    0.5792231832900459,
    0.5490199991270188
  ],
  "acc": [
    0.7633168588687534,
    0.7841845140032949,
    0.7726523887973641,
    0.7940691927512356,
    0.785831960461285
  ],
  "pr": [
    0.7633551868000878,
    0.7858344255133246,
    0.7949273791458921,
    0.7974613942497815,
    0.8039439939003258
  ],
  "re": [
    0.76330626483701,
    0.7841215042556887,
    0.7724255978229402,
    0.793980878350993,
    0.7856305367378844
  ],
  "f1": [
    0.7633307250346953,
    0.7849770304317685,
    0.7835149645105105,
    0.7957173303216438,
    0.7946817708277251
  ],
  "cm": [
    [
      [
        688,
        221
      ],
      [
        210,
        702
      ]
    ],
    [
      [
        678,
        231
      ],
      [
        162,
        750
      ]
    ],
    [
      [
        577,
        332
      ],
      [
        82,
        830
      ]
    ],
    [
      [
        673,
        236
      ],
      [
        139,
        773
      ]
    ],
    [
      [
        603,
        306
      ],
      [
        84,
        828
      ]
    ]
  ]
}