{
  "loss": [
    0.9740111735730157
  ],
  "acc": [
    0.5245664739884393
  ],
  "pr": [
    0.5371537451275624
  ],
  "re": [
    0.5041383869914888
  ],
  "f1": [
    0.5201226712122818
  ],
  "cm": [
    [
      [
        3521,
        89
      ],
      [
        3201,
        109
      ]
    ]
  ],
  "additional_hyperparameters": {
    "vocab_max_size": 7691,
    "batch_size": 13,
    "dropout": 0.09558415304793297,
    "hidden_size": 594
  }
}