{
  "loss": [
    0.7626388834800647,
    0.7241984672725758,
    0.9520952205026889,
    0.5232100053877048,
    0.9921830831190703
  ],
  "acc": [
    0.527732015376167,
    0.5387149917627677,
    0.514003294892916,
    0.4942339373970346,
    0.5030203185063152
  ],
  "pr": [
    0.528050056578291,
    0.538741769858049,
    0.5455399236698346,
    0.45033376735315156,
    0.5505599104143337
  ],
  "re": [
    0.5278085374326906,
    0.5386829801401193,
    0.5146814023507614,
    0.49346628741821547,
    0.5038123878177292
  ],
  "f1": [
    0.5279292693827117,
    0.5387123733951528,
    0.5296615830330191,
    0.47091442970651526,
    0.5261498306957807
  ],
  "cm": [
    [
      [
        522,
        387
      ],
      [
        473,
        439
      ]
    ],
    [
      [
        472,
        437
      ],
      [
        403,
        509
      ]
    ],
    [
      [
        842,
        67
      ],
      [
        818,
        94
      ]
    ],
    [
      [
        25,
        884
      ],
      [
        37,
        875
      ]
    ],
    [
      [
        895,
        14
      ],
      [
        891,
        21
      ]
    ]
  ],
  "additional_hyperparameters": {
    "vocab_max_size": 7691,
    "batch_size": 13,
    "dropout": 0.09558415304793297,
    "hidden_size": 594
  }
}