{
  "loss": [
    0.8769013498775188
  ],
  "acc": [
    0.5069364161849711
  ],
  "pr": [
    0.4940932889884089
  ],
  "re": [
    0.49567666184064074
  ],
  "f1": [
    0.49488370892346434
  ],
  "cm": [
    [
      [
        2727,
        883
      ],
      [
        2529,
        781
      ]
    ]
  ],
  "additional_hyperparameters": {
    "hidden_size": 575,
    "num_layers": 3,
    "dropout": 0.44419867494206056
  }
}