{
  "loss": [
    0.7807607939778809,
    0.8230452518061188,
    0.7868014308104864,
    0.7313374017111094,
    0.8818041737232806
  ],
  "acc": [
    0.5233388248215266,
    0.48929159802306427,
    0.5090609555189456,
    0.5068643602416255,
    0.5035694673256452
  ],
  "pr": [
    0.5240570097340931,
    0.48875804242784426,
    0.5094038487184933,
    0.5068408910624487,
    0.505489683039115
  ],
  "re": [
    0.5234678073070465,
    0.489503720108853,
    0.5091862804701524,
    0.5068033119101384,
    0.5039987551386718
  ],
  "f1": [
    0.5237622428159037,
    0.4891305970728372,
    0.5092950413583119,
    0.5068221007897017,
    0.5047431181025323
  ],
  "cm": [
    [
      [
        547,
        362
      ],
      [
        506,
        406
      ]
    ],
    [
      [
        562,
        347
      ],
      [
        583,
        329
      ]
    ],
    [
      [
        532,
        377
      ],
      [
        517,
        395
      ]
    ],
    [
      [
        427,
        482
      ],
      [
        416,
        496
      ]
    ],
    [
      [
        695,
        214
      ],
      [
        690,
        222
      ]
    ]
  ],
  "additional_hyperparameters": {
    "hidden_size": 575,
    "num_layers": 3,
    "dropout": 0.44419867494206056
  }
}