{
  "loss": [
    1.003715207981317,
    1.003715207981317,
    0.9801018094538595,
    0.994928827133891,
    0.7648354786919213
  ],
  "acc": [
    0.49917627677100496,
    0.49917627677100496,
    0.49917627677100496,
    0.5019220208676551,
    0.6589785831960461
  ],
  "pr": [
    0.24958813838550248,
    0.24958813838550248,
    0.4995677233429395,
    0.5465750030967422,
    0.683618682886536
  ],
  "re": [
    0.5,
    0.5,
    0.49992219616698513,
    0.5027213247640554,
    0.659278921313184
  ],
  "f1": [
    0.33296703296703295,
    0.33296703296703295,
    0.49974489689740836,
    0.5237317664112979,
    0.6712282253441957
  ],
  "cm": [
    [
      [
        909,
        0
      ],
      [
        912,
        0
      ]
    ],
    [
      [
        909,
        0
      ],
      [
        912,
        0
      ]
    ],
    [
      [
        866,
        43
      ],
      [
        869,
        43
      ]
    ],
    [
      [
        898,
        11
      ],
      [
        896,
        16
      ]
    ],
    [
      [
        765,
        144
      ],
      [
        477,
        435
      ]
    ]
  ],
  "additional_hyperparameters": {
    "hidden_size": 531,
    "num_layers": 7,
    "dropout": 0.691310276268563
  }
}