{
  "loss": [
    0.7722770755389178
  ],
  "acc": [
    0.6596820809248555
  ],
  "pr": [
    0.6806713127933524
  ],
  "re": [
    0.6511641044095371
  ],
  "f1": [
    0.6655908381280515
  ],
  "cm": [
    [
      [
        3060,
        550
      ],
      [
        1805,
        1505
      ]
    ]
  ],
  "additional_hyperparameters": {
    "hidden_size": 531,
    "num_layers": 7,
    "dropout": 0.691310276268563
  }
}