{
  "loss": [
    0.8307333350476166,
    0.8246926982150112,
    0.8603873704076795,
    0.8570924775898947,
    0.8543467335750741
  ],
  "acc": [
    0.5178473366282262,
    0.5096101043382757,
    0.5123558484349259,
    0.5151015925315761,
    0.500274574409665
  ],
  "pr": [
    0.5205882755786879,
    0.5108709528140807,
    0.5160164467393382,
    0.5192956453700082,
    0.5007270440178991
  ],
  "re": [
    0.5181319118753981,
    0.5098611834867697,
    0.5127290689595275,
    0.5154684876382375,
    0.5006079555323953
  ],
  "f1": [
    0.5193571893247239,
    0.510365568688295,
    0.5143675054072583,
    0.5173749889799621,
    0.5006674926935675
  ],
  "cm": [
    [
      [
        628,
        281
      ],
      [
        597,
        315
      ]
    ],
    [
      [
        602,
        307
      ],
      [
        586,
        326
      ]
    ],
    [
      [
        672,
        237
      ],
      [
        651,
        261
      ]
    ],
    [
      [
        671,
        238
      ],
      [
        645,
        267
      ]
    ],
    [
      [
        639,
        270
      ],
      [
        640,
        272
      ]
    ]
  ],
  "additional_hyperparameters": {
    "vocab_max_size": 2817,
    "batch_size": 117,
    "dropout": 0.0335559872111251,
    "hidden_size": 214
  }
}