{
  "loss": [
    0.8523348766212174
  ],
  "acc": [
    0.5060693641618497
  ],
  "pr": [
    0.4963431315925464
  ],
  "re": [
    0.4969796888468587
  ],
  "f1": [
    0.49666120625522614
  ],
  "cm": [
    [
      [
        2551,
        1059
      ],
      [
        2359,
        951
      ]
    ]
  ],
  "additional_hyperparameters": {
    "vocab_max_size": 2817,
    "batch_size": 117,
    "dropout": 0.0335559872111251,
    "hidden_size": 214
  }
}