{
  "loss": [
    0.8295025073594785
  ],
  "acc": [
    0.5410404624277456
  ],
  "pr": [
    0.5385107534819626
  ],
  "re": [
    0.5324811073637346
  ],
  "f1": [
    0.5354789570761593
  ],
  "cm": [
    [
      [
        2635,
        975
      ],
      [
        2201,
        1109
      ]
    ]
  ],
  "additional_hyperparameters": {
    "vocab_max_size": 8583,
    "batch_size": 42,
    "dropout": 0.33599254580429905,
    "hidden_size": 384
  }
}