{
  "loss": [
    0.8230452518061188,
    0.8406180135009709,
    0.8224961030031547,
    0.8856482153440294,
    0.81920121018537
  ],
  "acc": [
    0.5063152114222954,
    0.48929159802306427,
    0.4953322350356947,
    0.4925864909390445,
    0.5085118066996156
  ],
  "pr": [
    0.5071646100300585,
    0.4883046270617428,
    0.4952099340277868,
    0.4904933078268402,
    0.5094902648841868
  ],
  "re": [
    0.50655542527937,
    0.4895616206357478,
    0.4955525157778936,
    0.49301032076891904,
    0.508742979561114
  ],
  "f1": [
    0.5068598346130226,
    0.4889323159505032,
    0.4953811656745885,
    0.49174859348914723,
    0.5091163480048535
  ],
  "cm": [
    [
      [
        593,
        316
      ],
      [
        583,
        329
      ]
    ],
    [
      [
        594,
        315
      ],
      [
        615,
        297
      ]
    ],
    [
      [
        572,
        337
      ],
      [
        582,
        330
      ]
    ],
    [
      [
        682,
        227
      ],
      [
        697,
        215
      ]
    ],
    [
      [
        590,
        319
      ],
      [
        576,
        336
      ]
    ]
  ],
  "additional_hyperparameters": {
    "vocab_max_size": 8583,
    "batch_size": 42,
    "dropout": 0.33599254580429905,
    "hidden_size": 384
  }
}