{
  "loss": [
    1.0433775835745036,
    0.9148169542726129,
    0.8333513639755548,
    0.7841635914590209,
    0.7311755437877029,
    0.7249507340848446,
    0.7210344118995592,
    0.7182832554692402,
    0.7183576350006274,
    0.7171113882858307,
    0.7196337824828922,
    0.719845727148652,
    0.7194874946370721,
    0.7192887549765408,
    0.7192910924635828,
    0.7192744404651225
  ],
  "acc": [
    0.6346,
    0.6828,
    0.7134,
    0.7352,
    0.7518,
    0.7526,
    0.7564,
    0.7552,
    0.7566,
    0.7574,
    0.757,
    0.7566,
    0.7584,
    0.7582,
    0.758,
    0.7582
  ],
  "pr": [
    0.6336861145325046,
    0.6847190372956963,
    0.7164532675133344,
    0.7340854655002107,
    0.7512657081928581,
    0.7525569699650176,
    0.7563421444409786,
    0.7552858614064817,
    0.7568010247805447,
    0.7576926703176085,
    0.7573462448337283,
    0.756939729039077,
    0.7586227887968144,
    0.7585821270156844,
    0.7583594769821146,
    0.7585785442484471
  ],
  "re": [
    0.6366470335541966,
    0.6842181788129688,
    0.7148985458159042,
    0.7364468379908977,
    0.7530420370235917,
    0.7538662941840896,
    0.7576498409817366,
    0.7564161814642418,
    0.7577894212535777,
    0.7586127167691344,
    0.7581975101423145,
    0.7578203528689601,
    0.7595743056558308,
    0.7593501350096712,
    0.7591567114119924,
    0.7593497616050425
  ],
  "f1": [
    0.6351631233574159,
    0.6844685164287938,
    0.7156750623021314,
    0.7352642558062312,
    0.752152823838741,
    0.753211063067837,
    0.7569954279559761,
    0.7558505988575664,
    0.7572949005115316,
    0.7581524144157366,
    0.7577716384145459,
    0.7573797849734382,
    0.7590982490488539,
    0.7589659367232837,
    0.758757884781582,
    0.7589639570096489
  ]
}