{
  "loss": [
    0.9240983122099398,
    0.7211938018545302,
    0.5291688590418133,
    0.38424905411613486,
    0.31064248171264514,
    0.29188648452833293,
    0.2790678026340488,
    0.268508346271101,
    0.25962193161700337,
    0.25204595938544305,
    0.24509047923711025,
    0.23848268101848663,
    0.2374436913781696,
    0.23679245465592377,
    0.23671941225843296,
    0.236648241327703
  ],
  "acc": [
    0.6751333333333334,
    0.7471333333333333,
    0.8237111111111111,
    0.8769555555555556,
    0.9077777777777778,
    0.9146444444444445,
    0.9189111111111111,
    0.9215333333333333,
    0.9243555555555556,
    0.9260444444444444,
    0.9287111111111112,
    0.9305333333333333,
    0.9310222222222222,
    0.9316888888888889,
    0.9315777777777777,
    0.9316666666666666
  ],
  "pr": [
    0.6750081040907231,
    0.7494125728022517,
    0.8259588556629944,
    0.8768096912525571,
    0.9075328543631196,
    0.9145572216831679,
    0.9188159131601124,
    0.9214735152001442,
    0.9242603519691197,
    0.9259780727114958,
    0.9286878383159888,
    0.9304801112338914,
    0.9309975616446271,
    0.9316527429766017,
    0.9315419830094518,
    0.931636861622845
  ],
  "re": [
    0.6749699729613743,
    0.7470048035163995,
    0.8236116837792373,
    0.8768968001141468,
    0.9077305222118257,
    0.9146004417511933,
    0.918870938528071,
    0.9214915823244508,
    0.9243132749015407,
    0.9260007061960078,
    0.9286711340966158,
    0.9304917325746483,
    0.9309827006501008,
    0.9316499115882945,
    0.9315390002887426,
    0.9316275835678575
  ],
  "f1": [
    0.6749890379875277,
    0.7482067510818011,
    0.8247835998271283,
    0.8768532435199473,
    0.9076316775252387,
    0.91457883120657,
    0.9188434250202867,
    0.9214825486737389,
    0.9242868126777632,
    0.925989389315447,
    0.9286794861311872,
    0.9304859218679836,
    0.9309901310880591,
    0.9316513272802969,
    0.9315404916467095,
    0.9316322225722513
  ]
}