{
  "loss": [
    0.5443869089201696
  ],
  "acc": [
    0.9088150289017342
  ],
  "pr": [
    0.9089930018231598
  ],
  "re": [
    0.9097417378714715
  ],
  "f1": [
    0.9093672157276251
  ],
  "cm": [
    [
      [
        3207,
        403
      ],
      [
        228,
        3082
      ]
    ]
  ]
}