{
  "loss": [
    0.5797723320930099,
    0.5517657431418395,
    0.5567080823685165,
    0.5621995703981578,
    0.536938725461808
  ],
  "acc": [
    0.742998352553542,
    0.7512355848434926,
    0.7589236683141132,
    0.7495881383855024,
    0.7369577155409116
  ],
  "pr": [
    0.7538217122683142,
    0.7764830086186048,
    0.7788073788073788,
    0.7682408445440956,
    0.779481363920002
  ],
  "re": [
    0.7428275722309072,
    0.750986118348677,
    0.7587031729488738,
    0.7493703317700191,
    0.7366358346360952
  ],
  "f1": [
    0.748284261675346,
    0.7635217633026227,
    0.7686238364246736,
    0.7586882668504162,
    0.7574531911402851
  ],
  "cm": [
    [
      [
        581,
        328
      ],
      [
        140,
        772
      ]
    ],
    [
      [
        545,
        364
      ],
      [
        89,
        823
      ]
    ],
    [
      [
        568,
        341
      ],
      [
        98,
        814
      ]
    ],
    [
      [
        561,
        348
      ],
      [
        108,
        804
      ]
    ],
    [
      [
        492,
        417
      ],
      [
        62,
        850
      ]
    ]
  ]
}