{
  "loss": [
    0.61794182002286
  ],
  "acc": [
    0.8140173410404624
  ],
  "pr": [
    0.8148933410614292
  ],
  "re": [
    0.8124934095454888
  ],
  "f1": [
    0.8136916056960565
  ],
  "cm": [
    [
      [
        3060,
        550
      ],
      [
        737,
        2573
      ]
    ]
  ],
  "additional_hyperparameters": {
    "vocab_max_size": 7691,
    "batch_size": 13,
    "dropout": 0.09558415304793297,
    "hidden_size": 594
  }
}