{
  "loss": [
    0.6517108252813107,
    0.7088223007895801,
    0.6561040157050237,
    0.6511616764783467,
    0.6500633788724184
  ],
  "acc": [
    0.5875892366831411,
    0.6562328390993959,
    0.6968698517298187,
    0.6919275123558485,
    0.6952224052718287
  ],
  "pr": [
    0.5923340129985982,
    0.6592258760399212,
    0.6968787319509282,
    0.6920244199183105,
    0.6953028639013263
  ],
  "re": [
    0.5873990359562272,
    0.656344088356204,
    0.6968744571825604,
    0.6919076776098663,
    0.6952043888599386
  ],
  "f1": [
    0.589856202651458,
    0.6577818258854077,
    0.6968765945601887,
    0.6919660438401595,
    0.6952536228936554
  ],
  "cm": [
    [
      [
        429,
        480
      ],
      [
        271,
        641
      ]
    ],
    [
      [
        658,
        251
      ],
      [
        375,
        537
      ]
    ],
    [
      [
        636,
        273
      ],
      [
        279,
        633
      ]
    ],
    [
      [
        618,
        291
      ],
      [
        270,
        642
      ]
    ],
    [
      [
        622,
        287
      ],
      [
        268,
        644
      ]
    ]
  ],
  "additional_hyperparameters": {
    "vocab_max_size": 7691,
    "batch_size": 13,
    "dropout": 0.09558415304793297,
    "hidden_size": 594
  }
}