{
  "loss": [
    0.5575371975456015
  ],
  "acc": [
    0.8937861271676301
  ],
  "pr": [
    0.893546432551124
  ],
  "re": [
    0.8941949602898962
  ],
  "f1": [
    0.8938705787893388
  ],
  "cm": [
    [
      [
        3194,
        416
      ],
      [
        319,
        2991
      ]
    ]
  ],
  "additional_hyperparameters": {
    "vocab_max_size": 3184,
    "batch_size": 1,
    "dropout": 0.004424307592843402,
    "hidden_size": 581
  }
}