{
  "loss": [
    0.8170046149735134,
    0.6000908378026827,
    0.6187618971034631,
    0.6643412477494858,
    0.626999129147925
  ],
  "acc": [
    0.5947281713344317,
    0.6293245469522241,
    0.7105985722130698,
    0.7259747391543108,
    0.7583745194947831
  ],
  "pr": [
    0.6184778851500623,
    0.6475433238989027,
    0.7134221958056326,
    0.7281610608823966,
    0.7584183858125226
  ],
  "re": [
    0.5950943778588386,
    0.6290331335765156,
    0.7105027937004227,
    0.7260545133460714,
    0.7583847200509524
  ],
  "f1": [
    0.6065608509711417,
    0.6381540310781154,
    0.7119595020010516,
    0.7271062613629625,
    0.7584015525581282
  ],
  "cm": [
    [
      [
        743,
        166
      ],
      [
        572,
        340
      ]
    ],
    [
      [
        411,
        498
      ],
      [
        177,
        735
      ]
    ],
    [
      [
        593,
        316
      ],
      [
        211,
        701
      ]
    ],
    [
      [
        704,
        205
      ],
      [
        294,
        618
      ]
    ],
    [
      [
        695,
        214
      ],
      [
        226,
        686
      ]
    ]
  ],
  "additional_hyperparameters": {
    "vocab_max_size": 3184,
    "batch_size": 1,
    "dropout": 0.004424307592843402,
    "hidden_size": 581
  }
}