{
  "loss": [
    0.5880095641374719,
    0.5858129689256154,
    0.648415932463526,
    0.5731825464574404,
    0.592951903364149
  ],
  "acc": [
    0.7440966501922021,
    0.756727073036793,
    0.756727073036793,
    0.7523338824821527,
    0.7644151565074135
  ],
  "pr": [
    0.7514791023173224,
    0.7630412363485279,
    0.759089083607156,
    0.7644743534270076,
    0.767715246351881
  ],
  "re": [
    0.7439548231138904,
    0.7565988506745411,
    0.7568051213016038,
    0.752156794626831,
    0.7643231428405999
  ],
  "f1": [
    0.7476980335016277,
    0.7598063875368314,
    0.7579453818581152,
    0.7582655545297625,
    0.766015439348881
  ],
  "cm": [
    [
      [
        598,
        311
      ],
      [
        155,
        757
      ]
    ],
    [
      [
        617,
        292
      ],
      [
        151,
        761
      ]
    ],
    [
      [
        731,
        178
      ],
      [
        265,
        647
      ]
    ],
    [
      [
        586,
        323
      ],
      [
        128,
        784
      ]
    ],
    [
      [
        644,
        265
      ],
      [
        164,
        748
      ]
    ]
  ]
}