{
  "loss": [
    0.5940978900976264
  ],
  "acc": [
    0.8664739884393063
  ],
  "pr": [
    0.8683684419545912
  ],
  "re": [
    0.8648417035592639
  ],
  "f1": [
    0.8666014846508513
  ],
  "cm": [
    [
      [
        3258,
        352
      ],
      [
        572,
        2738
      ]
    ]
  ]
}