{
  "loss": [
    0.800311756784344
  ],
  "acc": [
    0.516907514450867
  ],
  "pr": [
    0.5125433001503501
  ],
  "re": [
    0.5118866692889005
  ],
  "f1": [
    0.5122147742786478
  ],
  "cm": [
    [
      [
        2266,
        1344
      ],
      [
        1999,
        1311
      ]
    ]
  ],
  "additional_hyperparameters": {
    "hidden_size": 531,
    "num_layers": 7,
    "dropout": 0.691310276268563
  }
}