{
  "loss": [
    0.7884488772193787,
    0.7922929188401276,
    0.7774659011600962,
    0.7752693059482396,
    0.8076690853231232
  ],
  "acc": [
    0.5063152114222954,
    0.5183964854475562,
    0.5052169137836353,
    0.5118066996155958,
    0.500823723228995
  ],
  "pr": [
    0.5065962571799147,
    0.5192712444093659,
    0.5053666608094652,
    0.5120482516355038,
    0.501054852320675
  ],
  "re": [
    0.506441433617046,
    0.5185553094783162,
    0.5053051357767355,
    0.5118985582768802,
    0.5010042122633316
  ],
  "f1": [
    0.5065188335675604,
    0.5189130300033366,
    0.5053358964204203,
    0.5119733940141679,
    0.5010295310124303
  ],
  "cm": [
    [
      [
        530,
        379
      ],
      [
        520,
        392
      ]
    ],
    [
      [
        559,
        350
      ],
      [
        527,
        385
      ]
    ],
    [
      [
        508,
        401
      ],
      [
        500,
        412
      ]
    ],
    [
      [
        516,
        393
      ],
      [
        496,
        416
      ]
    ],
    [
      [
        555,
        354
      ],
      [
        555,
        357
      ]
    ]
  ],
  "additional_hyperparameters": {
    "hidden_size": 531,
    "num_layers": 7,
    "dropout": 0.691310276268563
  }
}