{
  "loss": [
    0.5424302134914493,
    0.5308980886292025,
    0.567141909624835,
    0.5391353206736644,
    0.5786740344870818
  ],
  "acc": [
    0.7386051619989017,
    0.7226798462383306,
    0.7786930258099946,
    0.7633168588687534,
    0.7748489840746843
  ],
  "pr": [
    0.7752288976689496,
    0.7769811689385173,
    0.7886610245768433,
    0.7951997400874498,
    0.7809486214765928
  ],
  "re": [
    0.7383040935672515,
    0.7223145011869607,
    0.7785395315847374,
    0.7630457124659835,
    0.7747271437670082
  ],
  "f1": [
    0.756316078889214,
    0.7486512189106997,
    0.7835675941272318,
    0.7787909808862239,
    0.7778254421166015
  ],
  "cm": [
    [
      [
        505,
        404
      ],
      [
        72,
        840
      ]
    ],
    [
      [
        455,
        454
      ],
      [
        51,
        861
      ]
    ],
    [
      [
        623,
        286
      ],
      [
        117,
        795
      ]
    ],
    [
      [
        544,
        365
      ],
      [
        66,
        846
      ]
    ],
    [
      [
        637,
        272
      ],
      [
        138,
        774
      ]
    ]
  ],
  "additional_hyperparameters": {
    "hidden_size": 575,
    "num_layers": 3,
    "dropout": 0.44419867494206056
  }
}