{
  "loss": [
    0.5815256361370487
  ],
  "acc": [
    0.9131502890173411
  ],
  "pr": [
    0.9193338556835149
  ],
  "re": [
    0.9106706781263861
  ],
  "f1": [
    0.9149817613149371
  ],
  "cm": [
    [
      [
        3494,
        116
      ],
      [
        485,
        2825
      ]
    ]
  ],
  "additional_hyperparameters": {
    "hidden_size": 575,
    "num_layers": 3,
    "dropout": 0.44419867494206056
  }
}