{
  "loss": [
    0.909810762674451,
    0.644022742039813,
    0.6193110459064272,
    0.626999129147925,
    0.6116229626649294
  ],
  "acc": [
    0.5222405271828665,
    0.5540911587040088,
    0.5755079626578803,
    0.5782537067545305,
    0.5886875343218012
  ],
  "pr": [
    0.5414102564102563,
    0.5603501913946788,
    0.5882717797666251,
    0.588759468500585,
    0.6041558847783433
  ],
  "re": [
    0.522792904290429,
    0.5538203491401772,
    0.5751910717387528,
    0.5779666782467721,
    0.5883670603902496
  ],
  "f1": [
    0.5319387327791489,
    0.5570661354768741,
    0.581657893141704,
    0.5833131540666554,
    0.596156951754501
  ],
  "cm": [
    [
      [
        780,
        129
      ],
      [
        741,
        171
      ]
    ],
    [
      [
        354,
        555
      ],
      [
        257,
        655
      ]
    ],
    [
      [
        348,
        561
      ],
      [
        212,
        700
      ]
    ],
    [
      [
        367,
        542
      ],
      [
        226,
        686
      ]
    ],
    [
      [
        358,
        551
      ],
      [
        198,
        714
      ]
    ]
  ],
  "additional_hyperparameters": {
    "vocab_max_size": 11165,
    "batch_size": 125,
    "dropout": 0.2734902055959183,
    "hidden_size": 121
  }
}