{
  "loss": [
    0.6767568471717696
  ],
  "acc": [
    0.751878612716763
  ],
  "pr": [
    0.7585904051945207
  ],
  "re": [
    0.7478274514398574
  ],
  "f1": [
    0.7531704791003881
  ],
  "cm": [
    [
      [
        3037,
        573
      ],
      [
        1144,
        2166
      ]
    ]
  ],
  "additional_hyperparameters": {
    "vocab_max_size": 11165,
    "batch_size": 125,
    "dropout": 0.2734902055959183,
    "hidden_size": 121
  }
}