{
  "loss": [
    0.6202539586822766
  ],
  "acc": [
    0.7442196531791907
  ],
  "pr": [
    0.7452000250196428
  ],
  "re": [
    0.7453950506732725
  ],
  "f1": [
    0.7452975250881282
  ],
  "cm": [
    [
      [
        2593,
        1017
      ],
      [
        753,
        2557
      ]
    ]
  ],
  "additional_hyperparameters": {
    "vocab_max_size": 8583,
    "batch_size": 42,
    "dropout": 0.33599254580429905,
    "hidden_size": 384
  }
}