{
  "loss": [
    0.6423752956309206,
    0.6132704090738218,
    0.6544565692961314,
    0.6341380635864586,
    0.622605938724212
  ],
  "acc": [
    0.5645249862712796,
    0.5996705107084019,
    0.6545853926414058,
    0.642504118616145,
    0.6490939044481054
  ],
  "pr": [
    0.5713281601439496,
    0.6142445270961783,
    0.6556715213502372,
    0.6477741184131437,
    0.656819827487646
  ],
  "re": [
    0.5642659660702912,
    0.599373588674657,
    0.6545147935846216,
    0.6423466359793875,
    0.6489092988246192
  ],
  "f1": [
    0.5677751034192431,
    0.6067179481670214,
    0.6550926468457305,
    0.6450489606038775,
    0.6528406008876699
  ],
  "cm": [
    [
      [
        370,
        539
      ],
      [
        254,
        658
      ]
    ],
    [
      [
        381,
        528
      ],
      [
        201,
        711
      ]
    ],
    [
      [
        556,
        353
      ],
      [
        276,
        636
      ]
    ],
    [
      [
        497,
        412
      ],
      [
        239,
        673
      ]
    ],
    [
      [
        488,
        421
      ],
      [
        218,
        694
      ]
    ]
  ],
  "additional_hyperparameters": {
    "vocab_max_size": 8583,
    "batch_size": 42,
    "dropout": 0.33599254580429905,
    "hidden_size": 384
  }
}