{
  "loss": [
    0.6308431707686739,
    0.6330397659805305,
    0.5956976473789697,
    0.5654944632159427,
    0.6209584923153196
  ],
  "acc": [
    0.771554091158704,
    0.8028555738605162,
    0.8099945085118067,
    0.7990115321252059,
    0.8127402526084568
  ],
  "pr": [
    0.7723707990486997,
    0.8077403299482434,
    0.8100196641412922,
    0.8060700389105058,
    0.8157353589317151
  ],
  "re": [
    0.7715987059232239,
    0.8029590788026171,
    0.8099867552544728,
    0.7988861386138614,
    0.8128202622893868
  ],
  "f1": [
    0.7719845594355834,
    0.805342607966754,
    0.8100032093636261,
    0.8024620109327092,
    0.814275201615094
  ],
  "cm": [
    [
      [
        726,
        183
      ],
      [
        233,
        679
      ]
    ],
    [
      [
        787,
        122
      ],
      [
        237,
        675
      ]
    ],
    [
      [
        732,
        177
      ],
      [
        169,
        743
      ]
    ],
    [
      [
        657,
        252
      ],
      [
        114,
        798
      ]
    ],
    [
      [
        783,
        126
      ],
      [
        215,
        697
      ]
    ]
  ]
}