{
  "loss": [
    0.5702539601723927
  ],
  "acc": [
    0.9078034682080924
  ],
  "pr": [
    0.9093954787918139
  ],
  "re": [
    0.9065251776284406
  ],
  "f1": [
    0.9079580597660906
  ],
  "cm": [
    [
      [
        3379,
        231
      ],
      [
        407,
        2903
      ]
    ]
  ]
}