{
  "loss": [
    0.8301841862446525,
    0.6390804028131358,
    0.6418261468279565,
    0.6462193372516695,
    0.6412769980249924
  ],
  "acc": [
    0.5469522240527183,
    0.5683690280065898,
    0.5678198791872597,
    0.5683690280065898,
    0.5705656232839099
  ],
  "pr": [
    0.5563659371315177,
    0.5758832210182814,
    0.5747613467093076,
    0.5744601328903655,
    0.5776278815805245
  ],
  "re": [
    0.5472830177754617,
    0.5681054947600024,
    0.567564486711829,
    0.5681290168490534,
    0.5703129523478664
  ],
  "f1": [
    0.5517871016993326,
    0.5719679183688414,
    0.5711402459487296,
    0.5712770344308135,
    0.5739471108023718
  ],
  "cm": [
    [
      [
        680,
        229
      ],
      [
        596,
        316
      ]
    ],
    [
      [
        371,
        538
      ],
      [
        248,
        664
      ]
    ],
    [
      [
        375,
        534
      ],
      [
        253,
        659
      ]
    ],
    [
      [
        384,
        525
      ],
      [
        261,
        651
      ]
    ],
    [
      [
        379,
        530
      ],
      [
        252,
        660
      ]
    ]
  ],
  "additional_hyperparameters": {
    "vocab_max_size": 11165,
    "batch_size": 125,
    "dropout": 0.2734902055959183,
    "hidden_size": 121
  }
}