{
  "loss": [
    0.716641239046706
  ],
  "acc": [
    0.7302023121387283
  ],
  "pr": [
    0.7494442121172822
  ],
  "re": [
    0.7235871320852616
  ],
  "f1": [
    0.7362887290051818
  ],
  "cm": [
    [
      [
        3163,
        447
      ],
      [
        1420,
        1890
      ]
    ]
  ],
  "additional_hyperparameters": {
    "vocab_max_size": 11165,
    "batch_size": 125,
    "dropout": 0.2734902055959183,
    "hidden_size": 121
  }
}