{
  "loss": [
    0.5959765027584023
  ],
  "acc": [
    0.8115606936416185
  ],
  "pr": [
    0.8114671168082714
  ],
  "re": [
    0.812046932404951
  ],
  "f1": [
    0.8117569210700492
  ],
  "cm": [
    [
      [
        2891,
        719
      ],
      [
        585,
        2725
      ]
    ]
  ],
  "additional_hyperparameters": {
    "vocab_max_size": 7691,
    "batch_size": 13,
    "dropout": 0.09558415304793297,
    "hidden_size": 594
  }
}