{
  "loss": [
    0.6423752956309206,
    0.6539074204931673,
    0.6297448731627456,
    0.6676361405672705,
    0.6379821052072076
  ],
  "acc": [
    0.6084568918176826,
    0.6622734761120264,
    0.6661175178473366,
    0.6771004942339374,
    0.7105985722130698
  ],
  "pr": [
    0.6141412163261983,
    0.6630832609739652,
    0.6704575016042039,
    0.6771335504885994,
    0.7109044821778518
  ],
  "re": [
    0.6082703665103353,
    0.6622137542701638,
    0.6659845260841875,
    0.6771104742053153,
    0.7105661224017139
  ],
  "f1": [
    0.6111916935162,
    0.6626482223871702,
    0.6682135284802262,
    0.6771220121503477,
    0.7107352620190458
  ],
  "cm": [
    [
      [
        450,
        459
      ],
      [
        254,
        658
      ]
    ],
    [
      [
        569,
        340
      ],
      [
        275,
        637
      ]
    ],
    [
      [
        532,
        377
      ],
      [
        231,
        681
      ]
    ],
    [
      [
        621,
        288
      ],
      [
        300,
        612
      ]
    ],
    [
      [
        628,
        281
      ],
      [
        246,
        666
      ]
    ]
  ],
  "additional_hyperparameters": {
    "vocab_max_size": 7691,
    "batch_size": 13,
    "dropout": 0.09558415304793297,
    "hidden_size": 594
  }
}