{
  "loss": [
    0.5633175441941429
  ],
  "acc": [
    0.9124277456647398
  ],
  "pr": [
    0.9131553540145826
  ],
  "re": [
    0.9115598664334552
  ],
  "f1": [
    0.9123569126958256
  ],
  "cm": [
    [
      [
        3363,
        247
      ],
      [
        359,
        2951
      ]
    ]
  ],
  "additional_hyperparameters": {
    "vocab_max_size": 3184,
    "batch_size": 1,
    "dropout": 0.004424307592843402,
    "hidden_size": 581
  }
}