{
  "loss": [
    0.7478118658000332,
    0.6132704090738218,
    0.5896570105463643,
    0.5792231832900459,
    0.6604972061287369
  ],
  "acc": [
    0.6496430532674354,
    0.6985172981878089,
    0.7100494233937397,
    0.71444261394838,
    0.7303679297089511
  ],
  "pr": [
    0.6623578576524918,
    0.7038042872119739,
    0.7220663545341754,
    0.7307241093491383,
    0.7323029349391027
  ],
  "re": [
    0.6498718950842453,
    0.6983834896647559,
    0.7098568409472525,
    0.7142229025534133,
    0.7304422876498176
  ],
  "f1": [
    0.656055473942486,
    0.7010834101534545,
    0.7159095445920187,
    0.7223792845634075,
    0.7313714279002909
  ],
  "cm": [
    [
      [
        717,
        192
      ],
      [
        446,
        466
      ]
    ],
    [
      [
        561,
        348
      ],
      [
        201,
        711
      ]
    ],
    [
      [
        539,
        370
      ],
      [
        158,
        754
      ]
    ],
    [
      [
        528,
        381
      ],
      [
        139,
        773
      ]
    ],
    [
      [
        705,
        204
      ],
      [
        287,
        625
      ]
    ]
  ],
  "additional_hyperparameters": {
    "vocab_max_size": 3184,
    "batch_size": 1,
    "dropout": 0.004424307592843402,
    "hidden_size": 581
  }
}