{
  "loss": [
    0.6154670042856784,
    0.6248025339360684,
    0.6149178554827142,
    0.5945993497730414,
    0.597345093787862
  ],
  "acc": [
    0.7127951674903898,
    0.7446457990115322,
    0.7468423942888522,
    0.7594728171334432,
    0.7666117517847336
  ],
  "pr": [
    0.7161092045593822,
    0.744774919614148,
    0.747680499733669,
    0.7629071501931823,
    0.7687435235051154
  ],
  "re": [
    0.7126921573736321,
    0.7446261073475768,
    0.7467937583232007,
    0.7593780759654913,
    0.7665378379943257
  ],
  "f1": [
    0.714396594950151,
    0.7447005060466354,
    0.7472368659558778,
    0.7611385223988617,
    0.7676390963337645
  ],
  "cm": [
    [
      [
        591,
        318
      ],
      [
        205,
        707
      ]
    ],
    [
      [
        666,
        243
      ],
      [
        222,
        690
      ]
    ],
    [
      [
        652,
        257
      ],
      [
        204,
        708
      ]
    ],
    [
      [
        638,
        271
      ],
      [
        167,
        745
      ]
    ],
    [
      [
        656,
        253
      ],
      [
        172,
        740
      ]
    ]
  ]
}