{
  "loss": [
    0.58484933545996
  ],
  "acc": [
    0.8761560693641619
  ],
  "pr": [
    0.877228874180193
  ],
  "re": [
    0.8749248897406499
  ],
  "f1": [
    0.876075367154927
  ],
  "cm": [
    [
      [
        3261,
        349
      ],
      [
        508,
        2802
      ]
    ]
  ]
}