{
  "loss": [
    0.17646237878133966,
    0.08749288575500248,
    0.05400436081452804,
    0.05184229785610329,
    0.04885994323275306,
    0.04858263630081307,
    0.04818629110022025,
    0.04813946025100621
  ],
  "val_loss": [
    0.08655294288396835,
    0.08718114680051804,
    0.05023146666288376,
    0.04909882591962814,
    0.04822892187535763,
    0.048025701105594634,
    0.047970254456996916,
    0.04795963729918003
  ]
}