{
  "loss": [
    0.5616504215951937,
    0.5764774392752252,
    0.605582325832324,
    0.5858129689256154,
    0.6429244444338847
  ],
  "acc": [
    0.7177375068643602,
    0.7611202635914333,
    0.7605711147721033,
    0.7649643053267435,
    0.7594728171334432
  ],
  "pr": [
    0.7442467768944382,
    0.7702225031163425,
    0.7617869809861597,
    0.7701463173358729,
    0.7611020096111839
  ],
  "re": [
    0.7174653320595217,
    0.7609685310636327,
    0.7605143738058016,
    0.7648496757570493,
    0.759537302414452
  ],
  "f1": [
    0.7306107100678271,
    0.7655675532380447,
    0.7611501454615412,
    0.767488858277651,
    0.760318850986737
  ],
  "cm": [
    [
      [
        502,
        407
      ],
      [
        107,
        805
      ]
    ],
    [
      [
        608,
        301
      ],
      [
        134,
        778
      ]
    ],
    [
      [
        660,
        249
      ],
      [
        187,
        725
      ]
    ],
    [
      [
        632,
        277
      ],
      [
        151,
        761
      ]
    ],
    [
      [
        726,
        183
      ],
      [
        255,
        657
      ]
    ]
  ]
}