{
  "loss": [
    0.6308030913158649
  ],
  "acc": [
    0.8476878612716763
  ],
  "pr": [
    0.8598182139372119
  ],
  "re": [
    0.8436476387342979
  ],
  "f1": [
    0.8516561747231579
  ],
  "cm": [
    [
      [
        3382,
        228
      ],
      [
        826,
        2484
      ]
    ]
  ]
}