{
  "best_epoch": 15507,
  "val_loss": 0.09634904074418481,
  "val_acc": 0.9725833333333334,
  "val_pr": 0.9722373880013695,
  "val_re": 0.9723401619991477,
  "val_f1": 0.9722887722843744,
  "te_acc": 0.9771,
  "te_pr": 0.9770772075643304,
  "te_re": 0.9768774754535274,
  "te_f1": 0.9769773313006789
}