{
  "tr_loss": 2.32098814967672,
  "te_loss": 2.3223863305568697,
  "tr_acc": 0.10538333333333333,
  "tr_pr": 0.10407673086128706,
  "tr_re": 0.10190596836596102,
  "tr_f1": 0.10297991125052657,
  "te_acc": 0.1105,
  "te_pr": 0.0958488002153513,
  "te_re": 0.10584987227199125,
  "te_f1": 0.10060138854761398
}