{
  "lsvm_acc": 0.9404,
  "lsvm_pr": 0.9399179178125057,
  "lsvm_re": 0.9394223313176161,
  "lsvm_f1": 0.9396700592213919,
  "ksvm_acc": 0.9792,
  "ksvm_pr": 0.9791973966593345,
  "ksvm_re": 0.9790919842945065,
  "ksvm_f1": 0.9791446876398099
}