{
  "loss": [
    0.5568146542145338
  ],
  "acc": [
    0.9092485549132948
  ],
  "pr": [
    0.9090776711216744
  ],
  "re": [
    0.9090776711216744
  ],
  "f1": [
    0.9090776711216744
  ],
  "cm": [
    [
      [
        3296,
        314
      ],
      [
        314,
        2996
      ]
    ]
  ]
}