{
  "loss": [
    0.5814197785019024,
    0.5550606359596242,
    0.558355528777409,
    0.5374878742647721,
    0.5468234039151623
  ],
  "acc": [
    0.7237781438769907,
    0.729269632070291,
    0.7369577155409116,
    0.7221306974190006,
    0.7210323997803405
  ],
  "pr": [
    0.7372431739172729,
    0.757831153485719,
    0.7611378298964133,
    0.7690140577174059,
    0.7588574823868941
  ],
  "re": [
    0.7235810752127845,
    0.7289947744774478,
    0.7367064009032482,
    0.7217861588790457,
    0.7207168085229576
  ],
  "f1": [
    0.7303482383921636,
    0.7431333291101873,
    0.7487228641324511,
    0.7446520287085346,
    0.7392955476312368
  ],
  "cm": [
    [
      [
        549,
        360
      ],
      [
        143,
        769
      ]
    ],
    [
      [
        511,
        398
      ],
      [
        95,
        817
      ]
    ],
    [
      [
        531,
        378
      ],
      [
        101,
        811
      ]
    ],
    [
      [
        466,
        443
      ],
      [
        63,
        849
      ]
    ],
    [
      [
        481,
        428
      ],
      [
        80,
        832
      ]
    ]
  ]
}