{
  "loss": [
    0.9581358573352944,
    0.8570924775898947,
    0.8812550249203164,
    0.9131056554922359,
    0.7461644193911409
  ],
  "acc": [
    0.5013728720483251,
    0.47501372872048325,
    0.5035694673256452,
    0.49313563975837454,
    0.4925864909390445
  ],
  "pr": [
    0.5063235326948408,
    0.47151592168740103,
    0.5054700422943967,
    0.4895706190061029,
    0.492536709166717
  ],
  "re": [
    0.5020500405303688,
    0.47531447223669737,
    0.5039969457472063,
    0.49365084534769266,
    0.4925507353366916
  ],
  "f1": [
    0.5041777310721955,
    0.4734075773364182,
    0.504732419189498,
    0.49160226600340473,
    0.49254372215184844
  ],
  "cm": [
    [
      [
        830,
        79
      ],
      [
        829,
        83
      ]
    ],
    [
      [
        598,
        311
      ],
      [
        645,
        267
      ]
    ],
    [
      [
        694,
        215
      ],
      [
        689,
        223
      ]
    ],
    [
      [
        733,
        176
      ],
      [
        747,
        165
      ]
    ],
    [
      [
        428,
        481
      ],
      [
        443,
        469
      ]
    ]
  ],
  "additional_hyperparameters": {
    "hidden_size": 156,
    "num_layers": 6,
    "dropout": 0.2520673140329948
  }
}