{
  "loss": [
    0.738173030312523
  ],
  "acc": [
    0.500578034682081
  ],
  "pr": [
    0.5016343787552197
  ],
  "re": [
    0.5016335958356697
  ],
  "f1": [
    0.5016339872951392
  ],
  "cm": [
    [
      [
        1723,
        1887
      ],
      [
        1569,
        1741
      ]
    ]
  ],
  "additional_hyperparameters": {
    "hidden_size": 156,
    "num_layers": 6,
    "dropout": 0.2520673140329948
  }
}