{
  "loss": [
    0.5396844694766286,
    0.5852638201226512,
    0.5638470168070503,
    0.5742808440633687,
    0.5918536057582208
  ],
  "acc": [
    0.757276221856123,
    0.7759472817133443,
    0.7836353651839648,
    0.8039538714991763,
    0.7924217462932455
  ],
  "pr": [
    0.7905710427975232,
    0.7798964529632078,
    0.7941596529262444,
    0.807463127419725,
    0.7934619156587119
  ],
  "re": [
    0.7569969167969428,
    0.775848966475595,
    0.7834791702854496,
    0.8038655839268137,
    0.792372329338197
  ],
  "f1": [
    0.7734197883800761,
    0.7778674446719641,
    0.7887832586195735,
    0.805660339633869,
    0.7929167481849493
  ],
  "cm": [
    [
      [
        534,
        375
      ],
      [
        67,
        845
      ]
    ],
    [
      [
        651,
        258
      ],
      [
        150,
        762
      ]
    ],
    [
      [
        626,
        283
      ],
      [
        111,
        801
      ]
    ],
    [
      [
        682,
        227
      ],
      [
        130,
        782
      ]
    ],
    [
      [
        693,
        216
      ],
      [
        162,
        750
      ]
    ]
  ],
  "additional_hyperparameters": {
    "hidden_size": 156,
    "num_layers": 6,
    "dropout": 0.2520673140329948
  }
}