{
  "loss": [
    0.5705429775048199
  ],
  "acc": [
    0.9131502890173411
  ],
  "pr": [
    0.9155260608109665
  ],
  "re": [
    0.9116247248746767
  ],
  "f1": [
    0.9135712277727553
  ],
  "cm": [
    [
      [
        3418,
        192
      ],
      [
        409,
        2901
      ]
    ]
  ],
  "additional_hyperparameters": {
    "hidden_size": 156,
    "num_layers": 6,
    "dropout": 0.2520673140329948
  }
}