{
  "loss": [
    0.37980011079147125,
    0.2930906618087129,
    0.17322630216262555,
    0.17250561480698262,
    0.161363850150596,
    0.16225148472162812,
    0.16159571360999886,
    0.16147251261852003
  ],
  "val_loss": [
    0.1998610838830471,
    0.20455523404181003,
    0.13253468076586725,
    0.13626139474213123,
    0.13114615955650807,
    0.131296116989851,
    0.1306828207820654,
    0.130532350859046
  ]
}