{
  "loss": [
    0.7904851674818235
  ],
  "acc": [
    0.5528901734104046
  ],
  "pr": [
    0.5507086250219699
  ],
  "re": [
    0.5472278246897255
  ],
  "f1": [
    0.548962707245536
  ],
  "cm": [
    [
      [
        2447,
        1163
      ],
      [
        1931,
        1379
      ]
    ]
  ],
  "additional_hyperparameters": {
    "vocab_max_size": 8583,
    "batch_size": 42,
    "dropout": 0.33599254580429905,
    "hidden_size": 384
  }
}