{
  "loss": [
    0.82853673983576,
    0.7977844068697689,
    0.742320377770392,
    0.8455603527276481,
    0.7489101634059615
  ],
  "acc": [
    0.4958813838550247,
    0.5107084019769358,
    0.5205930807248764,
    0.5200439319055464,
    0.5348709500274574
  ],
  "pr": [
    0.4957591676913091,
    0.5113225252114141,
    0.5205909742293162,
    0.5244779457996621,
    0.5350092046727322
  ],
  "re": [
    0.49612247408951426,
    0.5108726333159631,
    0.5205908748769614,
    0.5203809854669678,
    0.5349140177175613
  ],
  "f1": [
    0.49594075435447965,
    0.5110974802597382,
    0.520590924553134,
    0.5224214334083583,
    0.5349616069609381
  ],
  "cm": [
    [
      [
        584,
        325
      ],
      [
        593,
        319
      ]
    ],
    [
      [
        555,
        354
      ],
      [
        537,
        375
      ]
    ],
    [
      [
        472,
        437
      ],
      [
        436,
        476
      ]
    ],
    [
      [
        659,
        250
      ],
      [
        624,
        288
      ]
    ],
    [
      [
        510,
        399
      ],
      [
        448,
        464
      ]
    ]
  ],
  "additional_hyperparameters": {
    "vocab_max_size": 8583,
    "batch_size": 42,
    "dropout": 0.33599254580429905,
    "hidden_size": 384
  }
}