{
  "loss": [
    0.6517108252813107,
    0.5484708503240546,
    0.5737316952604046,
    0.6044840282263958,
    0.5248574517965972
  ],
  "acc": [
    0.7034596375617792,
    0.7188358045030203,
    0.7369577155409116,
    0.729269632070291,
    0.6842394288852279
  ],
  "pr": [
    0.7034601512647616,
    0.7557790001891976,
    0.7517928067078552,
    0.7335232510970977,
    0.761569996806856
  ],
  "re": [
    0.7034606421168432,
    0.7185220166753516,
    0.7367570638642811,
    0.7291576197093393,
    0.6837907474958023
  ],
  "f1": [
    0.7034603966907168,
    0.736679748796124,
    0.7441989977688483,
    0.7313339204012813,
    0.7205876033919597
  ],
  "cm": [
    [
      [
        640,
        269
      ],
      [
        271,
        641
      ]
    ],
    [
      [
        480,
        429
      ],
      [
        83,
        829
      ]
    ],
    [
      [
        559,
        350
      ],
      [
        129,
        783
      ]
    ],
    [
      [
        601,
        308
      ],
      [
        185,
        727
      ]
    ],
    [
      [
        374,
        535
      ],
      [
        40,
        872
      ]
    ]
  ],
  "additional_hyperparameters": {
    "hidden_size": 575,
    "num_layers": 3,
    "dropout": 0.44419867494206056
  }
}