{
  "loss": [
    0.5303695682974564
  ],
  "acc": [
    0.8144508670520231
  ],
  "pr": [
    0.8416114719402428
  ],
  "re": [
    0.820516189503812
  ],
  "f1": [
    0.8309299628635602
  ],
  "cm": [
    [
      [
        2457,
        1153
      ],
      [
        131,
        3179
      ]
    ]
  ],
  "additional_hyperparameters": {
    "hidden_size": 575,
    "num_layers": 3,
    "dropout": 0.44419867494206056
  }
}