{
  "loss": [
    0.6110738138619652,
    0.6006399866056469,
    0.6324906171775663,
    0.5808706296989382,
    0.6407278492220282
  ],
  "acc": [
    0.7232289950576606,
    0.7594728171334432,
    0.7550796265788029,
    0.7512355848434926,
    0.7633168588687534
  ],
  "pr": [
    0.7265252064101653,
    0.7615973957408295,
    0.7552866334303062,
    0.7602057654324075,
    0.7649233177218568
  ],
  "re": [
    0.7231287273464189,
    0.7593979792716115,
    0.7551024839326037,
    0.7510820160963465,
    0.763380449887094
  ],
  "f1": [
    0.7248229879734783,
    0.7604960972867876,
    0.7551945474555275,
    0.7556163504100631,
    0.7641511050191299
  ],
  "cm": [
    [
      [
        602,
        307
      ],
      [
        197,
        715
      ]
    ],
    [
      [
        649,
        260
      ],
      [
        178,
        734
      ]
    ],
    [
      [
        699,
        210
      ],
      [
        236,
        676
      ]
    ],
    [
      [
        598,
        311
      ],
      [
        142,
        770
      ]
    ],
    [
      [
        729,
        180
      ],
      [
        251,
        661
      ]
    ]
  ]
}