{
  "loss": [
    0.6214100280119849
  ],
  "acc": [
    0.8439306358381503
  ],
  "pr": [
    0.8504820871212591
  ],
  "re": [
    0.8408624917357792
  ],
  "f1": [
    0.8456449334962812
  ],
  "cm": [
    [
      [
        3291,
        319
      ],
      [
        761,
        2549
      ]
    ]
  ]
}