{
  "loss": [
    0.5987221674164596
  ],
  "acc": [
    0.8345375722543352
  ],
  "pr": [
    0.8344707141761718
  ],
  "re": [
    0.8338305813826983
  ],
  "f1": [
    0.8341505249688869
  ],
  "cm": [
    [
      [
        3069,
        541
      ],
      [
        604,
        2706
      ]
    ]
  ],
  "additional_hyperparameters": {
    "hidden_size": 531,
    "num_layers": 7,
    "dropout": 0.691310276268563
  }
}