{
  "loss": [
    0.631392319571638,
    0.5951484985760056,
    0.5709859512455839,
    0.6253516827390326,
    0.6022874330145392
  ],
  "acc": [
    0.6781987918725975,
    0.700713893465129,
    0.6979681493684788,
    0.7204832509610104,
    0.728171334431631
  ],
  "pr": [
    0.6812121807224478,
    0.7118465655664585,
    0.7224052718286655,
    0.7215366430260047,
    0.7331370542100331
  ],
  "re": [
    0.6780911643795959,
    0.7005239997683979,
    0.6976941115164148,
    0.7204254964970181,
    0.7280502721324764
  ],
  "f1": [
    0.679648089560129,
    0.7061398978019411,
    0.7098346921270369,
    0.7209806416481181,
    0.7305848089499519
  ],
  "cm": [
    [
      [
        557,
        352
      ],
      [
        234,
        678
      ]
    ],
    [
      [
        532,
        377
      ],
      [
        168,
        744
      ]
    ],
    [
      [
        483,
        426
      ],
      [
        124,
        788
      ]
    ],
    [
      [
        623,
        286
      ],
      [
        223,
        689
      ]
    ],
    [
      [
        595,
        314
      ],
      [
        181,
        731
      ]
    ]
  ],
  "additional_hyperparameters": {
    "hidden_size": 531,
    "num_layers": 7,
    "dropout": 0.691310276268563
  }
}