{
  "loss": [
    0.621988062676839
  ],
  "acc": [
    0.7807803468208092
  ],
  "pr": [
    0.7803814406174416
  ],
  "re": [
    0.7802859629595534
  ],
  "f1": [
    0.7803336988679577
  ],
  "cm": [
    [
      [
        2858,
        752
      ],
      [
        765,
        2545
      ]
    ]
  ],
  "additional_hyperparameters": {
    "vocab_max_size": 8583,
    "batch_size": 42,
    "dropout": 0.33599254580429905,
    "hidden_size": 384
  }
}