{
  "loss": [
    0.686856348671015,
    0.742320377770392,
    0.6874054974739792,
    0.6434735932368488,
    0.6407278492220282
  ],
  "acc": [
    0.5958264689730917,
    0.6172432729269632,
    0.6397583745194948,
    0.642504118616145,
    0.6699615595826469
  ],
  "pr": [
    0.5962946386335684,
    0.6218237894726302,
    0.6398069498069499,
    0.6458499635473945,
    0.671965783785764
  ],
  "re": [
    0.595765662092525,
    0.6174005558450582,
    0.6397718719240345,
    0.6423773956343003,
    0.6698710989520005
  ],
  "f1": [
    0.5960300329964248,
    0.6196042786097166,
    0.6397894103846863,
    0.6441089992338339,
    0.6709168064069099
  ],
  "cm": [
    [
      [
        508,
        401
      ],
      [
        335,
        577
      ]
    ],
    [
      [
        648,
        261
      ],
      [
        436,
        476
      ]
    ],
    [
      [
        589,
        320
      ],
      [
        336,
        576
      ]
    ],
    [
      [
        514,
        395
      ],
      [
        256,
        656
      ]
    ],
    [
      [
        559,
        350
      ],
      [
        251,
        661
      ]
    ]
  ],
  "additional_hyperparameters": {
    "vocab_max_size": 8583,
    "batch_size": 42,
    "dropout": 0.33599254580429905,
    "hidden_size": 384
  }
}