{
  "loss": [
    0.549878238236284
  ],
  "acc": [
    0.8926300578034682
  ],
  "pr": [
    0.8931344058542037
  ],
  "re": [
    0.8937522491233649
  ],
  "f1": [
    0.8934432206744253
  ],
  "cm": [
    [
      [
        3133,
        477
      ],
      [
        266,
        3044
      ]
    ]
  ],
  "additional_hyperparameters": {
    "hidden_size": 575,
    "num_layers": 3,
    "dropout": 0.44419867494206056
  }
}