{
  "loss": [
    0.5594538263833372,
    0.584165522516723,
    0.5545114871566601,
    0.5407827670825569,
    0.5665927608218709
  ],
  "acc": [
    0.729269632070291,
    0.7386051619989017,
    0.7309170785282811,
    0.729818780889621,
    0.7605711147721033
  ],
  "pr": [
    0.7545670427392602,
    0.7483079334931186,
    0.7594728171334432,
    0.7707762264634304,
    0.7743613208266605
  ],
  "re": [
    0.7290092496091715,
    0.7384416073186266,
    0.7306431301024838,
    0.7294977853048463,
    0.7603859070117538
  ],
  "f1": [
    0.7415680021907047,
    0.7433420330854601,
    0.7447790856375199,
    0.7495691397173191,
    0.7673099838348013
  ],
  "cm": [
    [
      [
        519,
        390
      ],
      [
        103,
        809
      ]
    ],
    [
      [
        581,
        328
      ],
      [
        148,
        764
      ]
    ],
    [
      [
        513,
        396
      ],
      [
        94,
        818
      ]
    ],
    [
      [
        486,
        423
      ],
      [
        69,
        843
      ]
    ],
    [
      [
        589,
        320
      ],
      [
        116,
        796
      ]
    ]
  ],
  "additional_hyperparameters": {
    "hidden_size": 575,
    "num_layers": 3,
    "dropout": 0.44419867494206056
  }
}