{
  "loss": [
    0.6248025339360684,
    0.5654944632159427,
    0.6209584923153196,
    0.6291957243597815,
    0.6418261468279565
  ],
  "acc": [
    0.6776496430532675,
    0.7259747391543108,
    0.7386051619989017,
    0.7517847336628226,
    0.7479406919275123
  ],
  "pr": [
    0.682105601821489,
    0.7479364137189071,
    0.7392132363435798,
    0.7518034471776956,
    0.7486026797591119
  ],
  "re": [
    0.6775193966765097,
    0.7257288228822882,
    0.7385628365468125,
    0.7517912975508078,
    0.7479825285160095
  ],
  "f1": [
    0.6798047642935319,
    0.7366652882046852,
    0.7388878933179986,
    0.7517973723151649,
    0.7482924756491985
  ],
  "cm": [
    [
      [
        544,
        365
      ],
      [
        222,
        690
      ]
    ],
    [
      [
        524,
        385
      ],
      [
        114,
        798
      ]
    ],
    [
      [
        648,
        261
      ],
      [
        215,
        697
      ]
    ],
    [
      [
        687,
        222
      ],
      [
        230,
        682
      ]
    ],
    [
      [
        703,
        206
      ],
      [
        253,
        659
      ]
    ]
  ],
  "additional_hyperparameters": {
    "hidden_size": 156,
    "num_layers": 6,
    "dropout": 0.2520673140329948
  }
}