{
  "loss": [
    0.6328262126428543
  ],
  "acc": [
    0.8205202312138729
  ],
  "pr": [
    0.8262589868651392
  ],
  "re": [
    0.8174331121172306
  ],
  "f1": [
    0.8218223540359613
  ],
  "cm": [
    [
      [
        3208,
        402
      ],
      [
        840,
        2470
      ]
    ]
  ],
  "additional_hyperparameters": {
    "hidden_size": 156,
    "num_layers": 6,
    "dropout": 0.2520673140329948
  }
}