{
  "loss": [
    0.909261613871487,
    0.8532484359691459,
    0.9169496971129847,
    0.8785092809054957,
    0.8246926982150112
  ],
  "acc": [
    0.528281164195497,
    0.5480505216913784,
    0.5387149917627677,
    0.5513454146073586,
    0.57111477210324
  ],
  "pr": [
    0.5537025806886329,
    0.5642605549317132,
    0.5847089826086053,
    0.5815428983417448,
    0.5874752694522368
  ],
  "re": [
    0.5288416999594696,
    0.5484591222280123,
    0.5393180765444966,
    0.5518426842684269,
    0.5714673441028313
  ],
  "f1": [
    0.5409866723752207,
    0.5562476426330243,
    0.5610970327998305,
    0.566303646282626,
    0.5793607518324508
  ],
  "cm": [
    [
      [
        790,
        119
      ],
      [
        740,
        172
      ]
    ],
    [
      [
        724,
        185
      ],
      [
        638,
        274
      ]
    ],
    [
      [
        823,
        86
      ],
      [
        754,
        158
      ]
    ],
    [
      [
        776,
        133
      ],
      [
        684,
        228
      ]
    ],
    [
      [
        714,
        195
      ],
      [
        586,
        326
      ]
    ]
  ],
  "additional_hyperparameters": {
    "vocab_max_size": 2817,
    "batch_size": 117,
    "dropout": 0.0335559872111251,
    "hidden_size": 214
  }
}