{
  "loss": [
    0.7861499074954174
  ],
  "acc": [
    0.5958092485549132
  ],
  "pr": [
    0.5996810833296122
  ],
  "re": [
    0.5887401561623888
  ],
  "f1": [
    0.5941602571795549
  ],
  "cm": [
    [
      [
        2714,
        896
      ],
      [
        1901,
        1409
      ]
    ]
  ],
  "additional_hyperparameters": {
    "vocab_max_size": 2817,
    "batch_size": 117,
    "dropout": 0.0335559872111251,
    "hidden_size": 214
  }
}