{
  "loss": [
    0.7049782591688312,
    0.7093714495925443,
    0.6445718908427771,
    0.6956427295184411,
    0.6138195578767859
  ],
  "acc": [
    0.6381109280615047,
    0.6694124107633168,
    0.7127951674903898,
    0.7303679297089511,
    0.7413509060955519
  ],
  "pr": [
    0.6391359269291033,
    0.674180068851167,
    0.7128060240934786,
    0.7434462247809253,
    0.7426624191149531
  ],
  "re": [
    0.6381796074344277,
    0.6695472178796827,
    0.7127880551213015,
    0.7305580887036072,
    0.7412895894852644
  ],
  "f1": [
    0.6386574091860505,
    0.6718556568832212,
    0.7127970394941446,
    0.7369458122492318,
    0.7419753692859098
  ],
  "cm": [
    [
      [
        618,
        291
      ],
      [
        368,
        544
      ]
    ],
    [
      [
        683,
        226
      ],
      [
        376,
        536
      ]
    ],
    [
      [
        644,
        265
      ],
      [
        258,
        654
      ]
    ],
    [
      [
        769,
        140
      ],
      [
        351,
        561
      ]
    ],
    [
      [
        640,
        269
      ],
      [
        202,
        710
      ]
    ]
  ],
  "additional_hyperparameters": {
    "vocab_max_size": 3184,
    "batch_size": 1,
    "dropout": 0.004424307592843402,
    "hidden_size": 581
  }
}