{
  "loss": [
    0.5495892209038569
  ],
  "acc": [
    0.8952312138728323
  ],
  "pr": [
    0.8955986566066727
  ],
  "re": [
    0.8962704304089848
  ],
  "f1": [
    0.8959344175834394
  ],
  "cm": [
    [
      [
        3149,
        461
      ],
      [
        264,
        3046
      ]
    ]
  ],
  "additional_hyperparameters": {
    "vocab_max_size": 3184,
    "batch_size": 1,
    "dropout": 0.004424307592843402,
    "hidden_size": 581
  }
}