{
  "loss": [
    0.7132154912132932,
    0.742869526573356,
    0.7972352580668047,
    0.7928420676430917,
    0.798333555672733
  ],
  "acc": [
    0.5194947830862163,
    0.5205930807248764,
    0.4865458539264141,
    0.5090609555189456,
    0.528830313014827
  ],
  "pr": [
    0.5196847453476983,
    0.5205926345882439,
    0.486366496021711,
    0.5095014005602241,
    0.5307656705082735
  ],
  "re": [
    0.5193948671182909,
    0.5205926842684269,
    0.48666840368247355,
    0.5092061837762724,
    0.5290262578889469
  ],
  "f1": [
    0.5195397657984664,
    0.5205926594283341,
    0.4865174030150078,
    0.5093537493920135,
    0.529894536769235
  ],
  "cm": [
    [
      [
        417,
        492
      ],
      [
        383,
        529
      ]
    ],
    [
      [
        473,
        436
      ],
      [
        437,
        475
      ]
    ],
    [
      [
        510,
        399
      ],
      [
        536,
        376
      ]
    ],
    [
      [
        543,
        366
      ],
      [
        528,
        384
      ]
    ],
    [
      [
        589,
        320
      ],
      [
        538,
        374
      ]
    ]
  ],
  "additional_hyperparameters": {
    "vocab_max_size": 11165,
    "batch_size": 125,
    "dropout": 0.2734902055959183,
    "hidden_size": 121
  }
}