{
  "loss": [
    0.8121614674138541
  ],
  "acc": [
    0.5261560693641618
  ],
  "pr": [
    0.5216107810795001
  ],
  "re": [
    0.5197215689884593
  ],
  "f1": [
    0.5206644613052529
  ],
  "cm": [
    [
      [
        2412,
        1198
      ],
      [
        2081,
        1229
      ]
    ]
  ],
  "additional_hyperparameters": {
    "vocab_max_size": 11165,
    "batch_size": 125,
    "dropout": 0.2734902055959183,
    "hidden_size": 121
  }
}