{
  "loss": [
    1.003715207981317,
    1.0031660591783529,
    0.9943796783309268,
    0.7329848481200018,
    0.7417712289674279
  ],
  "acc": [
    0.49917627677100496,
    0.49917627677100496,
    0.5046677649643053,
    0.5815485996705108,
    0.6216364634816035
  ],
  "pr": [
    0.24958813838550248,
    0.49958768554150634,
    0.6051405119643851,
    0.5821661040001943,
    0.6267241054732112
  ],
  "re": [
    0.5,
    0.49999819060853457,
    0.5054697904000927,
    0.5816162208326097,
    0.6217991864975971
  ],
  "f1": [
    0.33296703296703295,
    0.49979285378290805,
    0.5508327216018556,
    0.581891032507444,
    0.624251932579546
  ],
  "cm": [
    [
      [
        909,
        0
      ],
      [
        912,
        0
      ]
    ],
    [
      [
        908,
        1
      ],
      [
        911,
        1
      ]
    ],
    [
      [
        902,
        7
      ],
      [
        895,
        17
      ]
    ],
    [
      [
        566,
        343
      ],
      [
        419,
        493
      ]
    ],
    [
      [
        655,
        254
      ],
      [
        435,
        477
      ]
    ]
  ],
  "additional_hyperparameters": {
    "vocab_max_size": 2817,
    "batch_size": 117,
    "dropout": 0.0335559872111251,
    "hidden_size": 214
  }
}