{
  "loss": [
    0.7367279436503876
  ],
  "acc": [
    0.6346820809248555
  ],
  "pr": [
    0.636279761904762
  ],
  "re": [
    0.6302909842582287
  ],
  "f1": [
    0.6332712145918065
  ],
  "cm": [
    [
      [
        2641,
        969
      ],
      [
        1559,
        1751
      ]
    ]
  ],
  "additional_hyperparameters": {
    "vocab_max_size": 2817,
    "batch_size": 117,
    "dropout": 0.0335559872111251,
    "hidden_size": 214
  }
}