{
  "loss": [
    0.6544565692961314,
    0.999322017557604,
    0.5050880948898885,
    0.7955878116579124,
    0.990535636710178
  ],
  "acc": [
    0.5458539264140582,
    0.5030203185063152,
    0.5013728720483251,
    0.5019220208676551,
    0.5035694673256452
  ],
  "pr": [
    0.5502366594999987,
    0.6949963208241354,
    0.5283296541574687,
    0.5021281913544324,
    0.5507018528916339
  ],
  "re": [
    0.5456039024955127,
    0.5038359099067802,
    0.5005572925713624,
    0.5020645156620925,
    0.5043570146488333
  ],
  "f1": [
    0.5479104883152218,
    0.5841753244668795,
    0.5140686488657077,
    0.5020963514894299,
    0.5265115550063887
  ],
  "cm": [
    [
      [
        358,
        551
      ],
      [
        276,
        636
      ]
    ],
    [
      [
        908,
        1
      ],
      [
        904,
        8
      ]
    ],
    [
      [
        5,
        904
      ],
      [
        4,
        908
      ]
    ],
    [
      [
        535,
        374
      ],
      [
        533,
        379
      ]
    ],
    [
      [
        893,
        16
      ],
      [
        888,
        24
      ]
    ]
  ],
  "additional_hyperparameters": {
    "vocab_max_size": 3184,
    "batch_size": 1,
    "dropout": 0.004424307592843402,
    "hidden_size": 581
  }
}