{
  "loss": [
    0.9643290929367088
  ],
  "acc": [
    0.5332369942196532
  ],
  "pr": [
    0.5878194237984002
  ],
  "re": [
    0.5132897038270665
  ],
  "f1": [
    0.5480322528902075
  ],
  "cm": [
    [
      [
        3514,
        96
      ],
      [
        3134,
        176
      ]
    ]
  ],
  "additional_hyperparameters": {
    "vocab_max_size": 3184,
    "batch_size": 1,
    "dropout": 0.004424307592843402,
    "hidden_size": 581
  }
}