{
  "loss": [
    0.6089822827176207
  ],
  "acc": [
    0.8732658959537573
  ],
  "pr": [
    0.8817392040779486
  ],
  "re": [
    0.870058414441255
  ],
  "f1": [
    0.8758598661633518
  ],
  "cm": [
    [
      [
        3408,
        202
      ],
      [
        675,
        2635
      ]
    ]
  ],
  "additional_hyperparameters": {
    "hidden_size": 575,
    "num_layers": 3,
    "dropout": 0.44419867494206056
  }
}