{
  "loss": [
    0.5682402072307633,
    0.5528640407477677,
    0.6429244444338847,
    0.5847146713196871,
    0.6160161530886424
  ],
  "acc": [
    0.7034596375617792,
    0.7397034596375618,
    0.7364085667215815,
    0.7512355848434926,
    0.741900054914882
  ],
  "pr": [
    0.7285831960461285,
    0.7672029216496067,
    0.7366662319880029,
    0.7587381512905864,
    0.7428834482173792
  ],
  "re": [
    0.7031856146140929,
    0.7394385820160964,
    0.7364349921834289,
    0.7510946818366047,
    0.7418468820566267
  ],
  "f1": [
    0.7156591464971921,
    0.7530649316681312,
    0.7365505939363021,
    0.7548970691815503,
    0.7423648032970838
  ],
  "cm": [
    [
      [
        488,
        421
      ],
      [
        119,
        793
      ]
    ],
    [
      [
        526,
        383
      ],
      [
        91,
        821
      ]
    ],
    [
      [
        684,
        225
      ],
      [
        255,
        657
      ]
    ],
    [
      [
        605,
        304
      ],
      [
        149,
        763
      ]
    ],
    [
      [
        645,
        264
      ],
      [
        206,
        706
      ]
    ]
  ],
  "additional_hyperparameters": {
    "hidden_size": 575,
    "num_layers": 3,
    "dropout": 0.44419867494206056
  }
}