{
  "loss": [
    0.5539623383536959,
    0.5792231832900459,
    0.5495691479299829,
    0.5589046775803731,
    0.541331915885521
  ],
  "acc": [
    0.6705107084019769,
    0.7105985722130698,
    0.6979681493684788,
    0.742998352553542,
    0.7408017572762219
  ],
  "pr": [
    0.7148841354723707,
    0.7275996398089422,
    0.7397061749781995,
    0.7653179876601803,
    0.7777658584428828
  ],
  "re": [
    0.670135270105958,
    0.7103725175149094,
    0.6976235452492618,
    0.7427588153552198,
    0.7405006948063227
  ],
  "f1": [
    0.6917868028270714,
    0.7188828869064311,
    0.7180488053212983,
    0.7538696712898268,
    0.7586759483584009
  ],
  "cm": [
    [
      [
        402,
        507
      ],
      [
        93,
        819
      ]
    ],
    [
      [
        521,
        388
      ],
      [
        139,
        773
      ]
    ],
    [
      [
        444,
        465
      ],
      [
        85,
        827
      ]
    ],
    [
      [
        543,
        366
      ],
      [
        102,
        810
      ]
    ],
    [
      [
        507,
        402
      ],
      [
        70,
        842
      ]
    ]
  ],
  "additional_hyperparameters": {
    "hidden_size": 156,
    "num_layers": 6,
    "dropout": 0.2520673140329948
  }
}