{
  "loss": [
    0.5399071402675499
  ],
  "acc": [
    0.891907514450867
  ],
  "pr": [
    0.8945571092132227
  ],
  "re": [
    0.8939259023692161
  ],
  "f1": [
    0.8942413944057387
  ],
  "cm": [
    [
      [
        3059,
        551
      ],
      [
        197,
        3113
      ]
    ]
  ],
  "additional_hyperparameters": {
    "hidden_size": 156,
    "num_layers": 6,
    "dropout": 0.2520673140329948
  }
}