{
  "loss": [
    0.6028365818175033,
    0.5693385048366916,
    0.5512165943388753,
    0.545725106309234,
    0.5479217015210905
  ],
  "acc": [
    0.7704557935200439,
    0.7693574958813838,
    0.7644151565074135,
    0.7644151565074135,
    0.7732015376166941
  ],
  "pr": [
    0.7714140423522574,
    0.7800806988039508,
    0.7865748979378206,
    0.7905779794602341,
    0.7953292616083314
  ],
  "re": [
    0.7704063169474842,
    0.7691958340570899,
    0.7641856290892247,
    0.76416753517457,
    0.7729756528284407
  ],
  "f1": [
    0.7709098503279478,
    0.7746000291378085,
    0.7752186397970176,
    0.7771484403598033,
    0.7839931502427832
  ],
  "cm": [
    [
      [
        673,
        236
      ],
      [
        182,
        730
      ]
    ],
    [
      [
        610,
        299
      ],
      [
        121,
        791
      ]
    ],
    [
      [
        568,
        341
      ],
      [
        88,
        824
      ]
    ],
    [
      [
        558,
        351
      ],
      [
        78,
        834
      ]
    ],
    [
      [
        578,
        331
      ],
      [
        82,
        830
      ]
    ]
  ]
}