{
  "loss": [
    0.5456874869160914
  ],
  "acc": [
    0.9047687861271676
  ],
  "pr": [
    0.9050294999112392
  ],
  "re": [
    0.9057506423077889
  ],
  "f1": [
    0.9053899275121927
  ],
  "cm": [
    [
      [
        3188,
        422
      ],
      [
        237,
        3073
      ]
    ]
  ]
}