{
  "loss": [
    0.5358608976135709
  ],
  "acc": [
    0.8572254335260115
  ],
  "pr": [
    0.8680436117936118
  ],
  "re": [
    0.8610363960465641
  ],
  "f1": [
    0.8645258053080218
  ],
  "cm": [
    [
      [
        2791,
        819
      ],
      [
        169,
        3141
      ]
    ]
  ]
}