{
  "loss": [
    0.5424302134914493,
    0.6105246650590012,
    0.5858129689256154,
    0.6615955037346651,
    0.5797723320930099
  ],
  "acc": [
    0.71334431630972,
    0.7578253706754531,
    0.7589236683141132,
    0.7517847336628226,
    0.7677100494233937
  ],
  "pr": [
    0.7577847851793458,
    0.7585751276528809,
    0.7649284786399086,
    0.7566969059999262,
    0.774492965240741
  ],
  "re": [
    0.7130015633142261,
    0.757780383301488,
    0.7587990706965433,
    0.75189805164727,
    0.767580047478432
  ],
  "f1": [
    0.7347113835289585,
    0.7581775472085497,
    0.7618514464663264,
    0.7542898462238133,
    0.7710210114927434
  ],
  "cm": [
    [
      [
        459,
        450
      ],
      [
        72,
        840
      ]
    ],
    [
      [
        664,
        245
      ],
      [
        196,
        716
      ]
    ],
    [
      [
        621,
        288
      ],
      [
        151,
        761
      ]
    ],
    [
      [
        746,
        163
      ],
      [
        289,
        623
      ]
    ],
    [
      [
        626,
        283
      ],
      [
        140,
        772
      ]
    ]
  ]
}