{
  "loss": [
    0.15055810465480796,
    0.04853821651935577,
    0.02525656711215323,
    0.022124911055781623,
    0.02004300571680069,
    0.019629008251970465,
    0.019393832955577155,
    0.019371208467266775
  ],
  "val_loss": [
    0.06113647556900978,
    0.04628413804769516,
    0.036109117889404296,
    0.03730728213787079,
    0.035279917216300964,
    0.034921874564886095,
    0.034900916182994846,
    0.03488608212471008
  ]
}